"","","","","","","","","","","","","","","","","","","",""
"","18","nerly","n","","","1","","asf asf","2021-04-11T04:06:46.000000Z","2021-08-08T16:21:58.000000Z","/storage/good_material_images/1628439718_my birthday.jpg","/storage/good_material_images/1628439718_thumbnail_my birthday.jpg","","","","","1","Yes","1"
"","34","new","n_","12","1","6","","fdsfd","2021-04-14T14:06:50.000000Z","2021-08-01T04:12:48.000000Z","/good_material_images/1618673628_sand.jpg","/good_material_images/1618673628_thumbnail_sand.jpg","7","5","25","","3","No","1"
"","36","weai1","khk 2","12","7","15","15","fdsa","2021-04-17T15:46:50.000000Z","2021-04-21T16:13:48.000000Z","/storage/good_material_images/1619021627_Logo Panda_Main.png","/storage/good_material_images/1619021627_thumbnail_Logo Panda_Main.png","","","","","9","","1"
"","37","new test","nt","","3","15","13","fsdf","2021-04-19T13:58:26.000000Z","2021-08-05T15:18:09.000000Z","/storage/good_material_images/1628176689_20210712_160620.jpg","/storage/good_material_images/1628176689_thumbnail_20210712_160620.jpg","","","","","9","Yes","1"
"","38","ok ma","om","12","4","6","16","fsd fds fd","2021-04-19T14:03:32.000000Z","2021-04-21T04:55:34.000000Z","/storage/good_material_images/1618980934_logo_full.png","/storage/good_material_images/1618980934_thumbnail_logo_full.png","","","","","9","",""
"","39","test7","t7","100","1","6","16","fsa fds afd","2021-04-23T15:16:13.000000Z","2021-04-23T15:16:37.000000Z","/storage/good_material_images/1619190997_testimagelaravel.jpg","/storage/good_material_images/1619190997_thumbnail_testimagelaravel.jpg","","","","","9","",""
"","40","test 8","t8","124","4","6","12","","2021-04-23T15:30:51.000000Z","2021-04-23T15:30:51.000000Z","","","","","","","1","",""
"","41","test 9","t9","123","2","2","12","fds fs df","2021-04-23T15:35:42.000000Z","2021-04-23T15:35:42.000000Z","","","","","","","2","",""
"","42","test10","t10","235","8","6","14","fdsa fdff","2021-04-23T15:39:39.000000Z","2021-04-23T15:39:39.000000Z","","","","","","","1","",""
"","43","test11","t11","35","11","6","13","fsda fdsa fdsa fdsa","2021-04-23T15:42:28.000000Z","2021-04-23T15:42:28.000000Z","","","","","","","1","",""
"","44","test12","t12","10999","3","6","12","fsda fsa fds","2021-04-23T15:43:51.000000Z","2021-08-01T04:33:35.000000Z","/storage/good_material_images/1626184404_my birthday.jpg","/storage/good_material_images/1626184404_thumbnail_my birthday.jpg","","","","","2","Yes",""
"","45","HCâ€™ Salt Black Bean 375G / PACK","114","1222","6","6","12","","2021-04-23T15:45:02.000000Z","2021-08-06T14:08:25.000000Z","/storage/good_material_images/1619192706_Logo_Panda_Red.png","/storage/good_material_images/1619192706_thumbnail_Logo_Panda_Red.png","3.32","5.78","10","6.68","3","Yes","1"
"","46","test 1","t1","2312","","1","","12","2021-04-24T15:03:06.000000Z","2021-04-28T14:35:54.000000Z","/storage/good_material_images/1619276595_Logo Panda.png","/storage/good_material_images/1619276595_thumbnail_Logo Panda.png","","","","","1","No",""
